article,description,html,ierarch,is_available,name,price,region,time,valute
911V07A3218_X1670,Beige cotton jacket with simple button fastening.,https://www.dior.com/en_us/products/couture-911V07A3218_X1670-cotton-jacket,/women/ready-to-wear/jackets>,,Cotton jacket,"$3,100.00",en_us,0.9898817539215088,$
M0566ONGE_M900_TU,"Sac Lady Dior cabas en agneau Cannage noir, bandoulière.",https://www.dior.com/fr_fr/products/couture-M0566ONGE_M900_TU-sac-lady-dior-cabas-en-agneau,/femme/sacs/nouveautes>,,Sac Lady Dior cabas en agneau,"3750,00€",fr_fr,0.9814584255218506,€
M0422ORCH_M911_TU,Sac Diorama en toile Archicannage brodée de rayures multicolores.,https://www.dior.com/fr_fr/products/couture-M0422ORCH_M911_TU-sac-diorama-brode,/femme/sacs/nouveautes>,,Sac Diorama brodé,"3250,00€",fr_fr,1.0761909484863281,€
917V08A6634_X9000,Quilted black silk jacket.,https://www.dior.com/en_us/products/couture-917V08A6634_X9000-silk-jacket,/women/ready-to-wear/jackets>,,Silk jacket,"$3,800.00",en_us,1.253990888595581,$
911V23A1166_X9000,Double-breasted black wool and silk jacket.,https://www.dior.com/en_us/products/couture-911V23A1166_X9000-wool-and-silk-jacket,/women/ready-to-wear/jackets>,,Wool and silk jacket,"$4,100.00",en_us,1.3060710430145264,$
911V08A1166_X9000,Black wool and silk jacket with simple button fastening.,https://www.dior.com/en_us/products/couture-911V08A1166_X9000-wool-and-silk-jacket,/women/ready-to-wear/jackets>,,Wool and silk jacket,"$4,100.00",en_us,1.361621379852295,$
M0422ONSW_M35R_TU,Sac Diorama en agneau Archicannage rouge avec œillets.,https://www.dior.com/fr_fr/products/couture-M0422ONSW_M35R_TU-sac-diorama-en-agneau,/femme/sacs/nouveautes>,,Sac Diorama en agneau,"2950,00€",fr_fr,1.5266547203063965,€
M0422ONGJ_M42R_TU,Sac Diorama en agneau matelassé Archicannage couleur amarante.,https://www.dior.com/fr_fr/products/couture-M0422ONGJ_M42R_TU-sac-diorama-en-agneau,/femme/sacs/nouveautes>,,Sac Diorama en agneau,"2750,00€",fr_fr,1.6953105926513672,€
M0422ONGJ_M900_TU,Sac Diorama en agneau matelassé Archicannage noir.,https://www.dior.com/fr_fr/products/couture-M0422ONGJ_M900_TU-sac-diorama-en-agneau,/femme/sacs/nouveautes>,,Sac Diorama en agneau,"2750,00€",fr_fr,1.820000410079956,€
M0446CWVG_M42R_TU,Sac Saddle en veau grainé embossé couleur amarante.,https://www.dior.com/fr_fr/products/couture-M0446CWVG_M42R_TU-sac-saddle-en-veau,/femme/sacs/nouveautes>,,Sac Saddle en veau,"2500,00€",fr_fr,2.016367197036743,€
S0105OSNI_M941_TU,Pochette Wallet on Chain Lady Dior en veau écru sérigraphié du motif Toile de Jouy bordeaux.,https://www.dior.com/fr_fr/products/couture-S0105OSNI_M941_TU-pochette-lady-dior-toile-de-jouy,/femme/sacs/nouveautes>,,Pochette Lady Dior Toile de Jouy,"1150,00€",fr_fr,2.2444982528686523,€
863C154E4211_C900,"Véritable hommage au savoir-faire des ateliers Dior du 3 rue de Marignan à Paris, le ruban ""Christian Dior Atelier"" est appliqué sur les côtés de ce pantalon de jogging en ottoman de laine noire, pour une allure à la fois mode et décontractée.",https://www.dior.com/fr_fr/products/couture-863C154E4211_C900-jogging-en-laine-ruban-christian-dior-atelier,/homme/pret-a-porter/nouveautes>,,"Jogging en laine, Ruban ""Christian Dior Atelier""","850,00€",fr_fr,2.0074081420898438,€
963C110E4404_C540,"Ce pantalon en toile stretch de coton satiné bleu marine est revisité dans une version mode avec ses poches cargo. Son ruban ""Christian Dior Atelier"" appliqué à l'intérieur de la ceinture signe cette pièce de l'empreinte Dior.",https://www.dior.com/fr_fr/products/couture-963C110E4404_C540-pantalon-en-coton-stretch-poches-cargo,/homme/pret-a-porter/nouveautes>,,"Pantalon en coton stretch, Poches cargo","900,00€",fr_fr,2.2206902503967285,€
763C190A4388_C989,"Signature de la Maison, ""l'Abeille"" est revisitée en jacquard all-over sur ce pantalon en laine mélangée noire et assure ainsi un look mode et élégant.",https://www.dior.com/fr_fr/products/couture-763C190A4388_C989-pantalon-en-laine-melangee-jacquard-abeille,/homme/pret-a-porter/nouveautes>,,"Pantalon en laine mélangée, Jacquard ""Abeille""","700,00€",fr_fr,2.2663211822509766,€
863C155E4211_C900,"Véritable hommage au savoir-faire des ateliers Dior du 3 rue de Marignan à Paris, le ruban ""Christian Dior Atelier"" est appliqué sur les côtés de ce pantalon de jogging en ottoman de laine noire, pour une allure à la fois mode et décontractée.",https://www.dior.com/fr_fr/products/couture-863C155E4211_C900-jogging-en-laine-ruban-christian-dior-atelier,/homme/pret-a-porter/nouveautes>,,"Jogging en laine, Ruban ""Christian Dior Atelier""","850,00€",fr_fr,2.665996551513672,€
963C102E4104_C541,"Ce pantalon droit à revers est revisité dans une version mode en velours côtelé stretch de coton bleu marine. Son ruban ""Christian Dior Atelier"" appliqué à l'intérieur de la ceinture signe cette pièce de l'empreinte Dior.",https://www.dior.com/fr_fr/products/couture-963C102E4104_C541-pantalon-en-coton-stretch-ruban-christian-dior-atelier,/homme/pret-a-porter/nouveautes>,,"Pantalon en coton stretch, Ruban ""Christian Dior Atelier""","600,00€",fr_fr,2.6878178119659424,€
963C142D4178_C900,"Ce pantalon droit en serge de laine noire se distingue par ses plaques ""Christian Dior Atelier"" en métal et sa taille ajustable. Cette pièce assure ainsi un look contemporain.",https://www.dior.com/fr_fr/products/couture-963C142D4178_C900-pantalon-en-laine-plaques-christian-dior-atelier,/homme/pret-a-porter/nouveautes>,,"Pantalon en laine, Plaques ""Christian Dior Atelier""","900,00€",fr_fr,3.5370633602142334,€
911V08A3218_X1670,Beige cotton jacket with simple button fastening.,https://www.dior.com/en_us/products/couture-911V08A3218_X1670-cotton-jacket,/women/ready-to-wear/jackets>,,Cotton jacket,"$3,400.00",en_us,4.392284154891968,$
M0422ONSW_M900_TU,Sac Diorama en agneau Archicannage noir avec œillets.,https://www.dior.com/fr_fr/products/couture-M0422ONSW_M900_TU-sac-diorama-en-agneau,/femme/sacs/nouveautes>,,Sac Diorama en agneau,"2950,00€",fr_fr,4.3565590381622314,€
963C143H4178_C900,Ce pantalon en serge de laine noire est revisité dans une version élégante grâce à son insert de satin à la ceinture.,https://www.dior.com/fr_fr/products/couture-963C143H4178_C900-pantalon-en-laine-insert-de-satin,/homme/pret-a-porter/nouveautes>,,"Pantalon en laine, Insert de satin","750,00€",fr_fr,4.356427431106567,€
S0105OSNI_M37E_TU,Pochette Wallet on Chain Lady Dior en veau écru sérigraphié du motif Toile de Jouy bleu.,https://www.dior.com/fr_fr/products/couture-S0105OSNI_M37E_TU-pochette-lady-dior-toile-de-jouy,/femme/sacs/nouveautes>,,Pochette Lady Dior Toile de Jouy,"1150,00€",fr_fr,5.068312168121338,€
963C119E4408_C540,Ce pantalon de jogging zippé au bas est revisité dans une version en drap de laine bleu marine pour un look décontracté.,https://www.dior.com/fr_fr/products/couture-963C119E4408_C540-jogging-en-laine,/homme/pret-a-porter/nouveautes>,,Jogging en laine,"900,00€",fr_fr,5.16362738609314,€
963C102E4395_C630,"Ce pantalon droit à revers est revisité dans une version mode en serge de laine verte. Son ruban ""Christian Dior Atelier"" appliqué à l'intérieur de la ceinture signe cette pièce de l'empreinte Dior.",https://www.dior.com/fr_fr/products/couture-963C102E4395_C630-pantalon-en-laine-ruban-christian-dior-atelier,/homme/pret-a-porter/nouveautes>,,"Pantalon en laine, Ruban ""Christian Dior Atelier""","750,00€",fr_fr,5.653912544250488,€
863C154E4211_C900,"Het Christian Dior Atelier-lint, een eerbetoon aan het vakmanschap van de Dior-ateliers aan 3 Rue de Marignan in Parijs, is aangebracht aan beide zijden van deze zwarte joggingbroek van ottomanwol voor een trendy en tegelijk casual look.",https://www.dior.com/nl_be/products/couture-863C154E4211_C900-wollen-joggingbroek-christian-dior-atelier-lint,/heren/ready-to-wear/nieuw>,,"Wollen joggingbroek, Christian Dior Atelier-lint","€850,00",nl_be,5.947457313537598,€
763C190A4339_C530,"Indispensable du vestiaire masculin, ce pantalon droit en toile de laine bleue assure un look formel et élégant.",https://www.dior.com/fr_fr/products/couture-763C190A4339_C530-pantalon-en-laine-coupe-droite,/homme/pret-a-porter/nouveautes>,,"Pantalon en laine, Coupe droite","600,00€",fr_fr,6.046163320541382,€
963C102E4395_C630,Deze rechte pantalon met omslag is uitgevoerd in trendy groene wollen twill. Het Christian Dior Atelier-lint aan de binnenkant van de tailleband draagt het onmiskenbare stempel van Dior.,https://www.dior.com/nl_be/products/couture-963C102E4395_C630-wollen-pantalon-christian-dior-atelier-lint,/heren/ready-to-wear/nieuw>,,"Wollen pantalon, Christian Dior Atelier-lint","€750,00",nl_be,6.850696325302124,€
733C138W1363_C980,"Thème fort de la collection Printemps 2019, la broderie ""Dior by Dior"" en contraste blanc est placée sur le devant de ce pantalon de jogging en serge de laine vierge noire pour une allure mode et décontractée.",https://www.dior.com/fr_fr/products/couture-733C138W1363_C980-jogging-en-laine-broderie-dior-by-dior,/homme/pret-a-porter/nouveautes>,,"Jogging en laine, Broderie ""Dior by Dior""","900,00€",fr_fr,7.421870470046997,€
lady,,https://www.dior.com/fr_fr/femme/sacs/my-lady-dior/collection/my-lady-dior/sac-my-lady-dior-en-agneau-1-84610,/femme/sacs/nouveautes>,,Sac My Lady Dior en agneau,"2950,00€",fr_fr,8.917946338653564,€
963DS33T187X_C540,"Ce jean regular en denim stretch de coton bleu se distingue par sa plaque ""Christian Dior Atelier"" en métal à la poche ticket et assure ainsi un style moderne et intemporel. Le jacqueron de cuir noir embossé ""Dior"" au dos signe cette pièce de l'empreinte Dior.",https://www.dior.com/fr_fr/products/couture-963DS33T187X_C540-jean-en-coton-stretch-plaque-metal-christian-dior-atelier,/homme/pret-a-porter/nouveautes>,,"Jean en coton stretch, Plaque métal ""Christian Dior Atelier""","590,00€",fr_fr,8.63770318031311,€
963C100E4339_C530,Ce pantalon en toile de laine bleue est réinterprété dans une version jogging grâce à sa ceinture élastique et à son cordon. Il assure ainsi un look contemporain et décontracté.,https://www.dior.com/fr_fr/products/couture-963C100E4339_C530-pantalon-en-laine-ceinture-elastique,/homme/pret-a-porter/nouveautes>,,"Pantalon en laine, Ceinture élastique","650,00€",fr_fr,8.672455787658691,€
763C190A4388_C989,"De bij, een kenmerk van Dior, is nu terug te zien in een all-over jacquardweefsel op deze pantalon van zwarte wolmix en garandeert een trendy en chique look.",https://www.dior.com/nl_be/products/couture-763C190A4388_C989-pantalon-van-wolmix-jacquardweefsel-met-bijmotief,/heren/ready-to-wear/nieuw>,,"Pantalon van wolmix, jacquardweefsel met bijmotief","€700,00",nl_be,8.871908187866211,€
963C100E4339_C530,Deze pantalon van zachte blauwe wollen stof is uitgevoerd als joggingbroek met een elastische tailleband en trekkoord. Voor een moderne en casual look.,https://www.dior.com/nl_be/products/couture-963C100E4339_C530-wollen-pantalon-elastische-tailleband,/heren/ready-to-wear/nieuw>,,"Wollen pantalon, elastische tailleband","€650,00",nl_be,9.422653436660767,€
963C110E4404_C540,Deze donkerblauwe pantalon van stretchkatoen en satijn komt in een trendy versie met cargozakken. Het Christian Dior Atelier-lint aan de binnenkant van de tailleband draagt het onmiskenbare stempel van Dior.,https://www.dior.com/nl_be/products/couture-963C110E4404_C540-stretchkatoenen-pantalon-cargozakken,/heren/ready-to-wear/nieuw>,,"Stretchkatoenen pantalon, cargozakken","€900,00",nl_be,9.50565218925476,€
733C138W1363_C980,Het contrasterende witte Dior by Dior-borduursel is een hoofdthema uit de Spring 2019-collectie en is op de voorkant van deze joggingbroek van zwarte scheerwollen twill aangebracht voor een trendy en casual look.,https://www.dior.com/nl_be/products/couture-733C138W1363_C980-wollen-joggingbroek-dior-by-dior-borduursel,/heren/ready-to-wear/nieuw>,,"Wollen joggingbroek, Dior by Dior-borduursel","€900,00",nl_be,10.305448770523071,€
963C102E4104_C541,Deze rechte pantalon met omslag is uitgevoerd in trendy marineblauw stretchkatoenen corduroy. Het Christian Dior Atelier-lint aan de binnenkant van de tailleband draagt het onmiskenbare stempel van Dior.,https://www.dior.com/nl_be/products/couture-963C102E4104_C541-rechte-pantalon-van-stretchkatoen-christian-dior-atelier-lint,/heren/ready-to-wear/nieuw>,,"Rechte pantalon van stretchkatoen, Christian Dior Atelier-lint","€600,00",nl_be,10.49783968925476,€
963C142D4178_C900,Deze rechte pantalon van zwarte wollen twill is uitgevoerd met een opvallend metalen Christian Dior Atelier-plaatje en een verstelbare tailleband. Hierdoor staat dit kledingstuk garant voor een moderne look.,https://www.dior.com/nl_be/products/couture-963C142D4178_C900-wollen-pantalon-christian-dior-atelier-plaatje,/heren/ready-to-wear/nieuw>,,"Wollen pantalon, Christian Dior Atelier-plaatje","€900,00",nl_be,10.936435461044312,€
963J814B0454_C459,Dit poloshirt van piquékatoen is uitgevoerd in een opvallende paarse seizoenskleur voor een trendy look. De geborduurde zwarte bij draagt het onmiskenbare stempel van Dior.,https://www.dior.com/nl_be/products/couture-963J814B0454_C459-katoenen-poloshirt-geborduurde-bij,/heren/ready-to-wear/nieuw>,,"Katoenen poloshirt, geborduurde bij","€350,00",nl_be,11.139169216156006,€
963J814B0454_C459,"Ce polo en piqué de coton se distingue par son coloris saisonnier violet pour une allure mode. La broderie ""Abeille"" noire signe cette pièce de l'empreinte Dior.",https://www.dior.com/fr_fr/products/couture-963J814B0454_C459-polo-en-coton-broderie-abeille,/homme/pret-a-porter/nouveautes>,,"Polo en coton, Broderie ""Abeille""","350,00€",fr_fr,11.343902587890625,€
963C556A1581_C000,"Cette chemise en popeline de coton blanc se distingue par son ""Abeille"" en métal appliquée sur le col pour un look moderne.",https://www.dior.com/fr_fr/products/couture-963C556A1581_C000-chemise-en-coton-abeille-metal,/homme/pret-a-porter/nouveautes>,,"Chemise en coton, ""Abeille"" métal","450,00€",fr_fr,11.681328058242798,€
763C190A4339_C530,Deze rechte pantalon van zachte blauwe wollen stof zorgt voor een formele en chique uitstraling en mag in geen enkele herenkledingkast ontbreken.,https://www.dior.com/nl_be/products/couture-763C190A4339_C530-wollen-pantalon-recht-model,/heren/ready-to-wear/nieuw>,,"Wollen pantalon, recht model","€600,00",nl_be,11.722848176956177,€
963DS33T187X_C540,Deze rechte jeans van blauw stretchkatoenen denim is uitgevoerd met een opvallend metalen Christian Dior Atelier-plaatje op het ticketzakje en garandeert een moderne en tijdloze stijl. Het zwartleren jeanslabel met Dior-inscriptie op de achterkant draagt het onmiskenbare stempel van Dior.,https://www.dior.com/nl_be/products/couture-963DS33T187X_C540-jeans-van-stretchkatoen-metalen-christian-dior-atelier-plaatje,/heren/ready-to-wear/nieuw>,,"Jeans van stretchkatoen, metalen Christian Dior Atelier-plaatje","€590,00",nl_be,12.821692705154419,€
433C529W3580_C980,"Thème fort de la collection Printemps 2019, la broderie ""Dior by Dior"" blanche est placée à la poitrine de cette chemise en popeline de coton noir pour une allure mode.",https://www.dior.com/fr_fr/products/couture-433C529W3580_C980-chemise-en-coton-broderie-dior-by-dior,/homme/pret-a-porter/nouveautes>,,"Chemise en coton, Broderie ""Dior By Dior""","550,00€",fr_fr,12.905478715896606,€
963C143H4178_C900,Deze pantalon van zwarte wollen twill is er nu in een chique versie met een satijnen inzetstuk op de tailleband.,https://www.dior.com/nl_be/products/couture-963C143H4178_C900-wollen-pantalon-satijnen-inzetstuk,/heren/ready-to-wear/nieuw>,,"Wollen pantalon, satijnen inzetstuk","€750,00",nl_be,13.060774326324463,€
963C119E4408_C540,Deze joggingbroek met ritsjes bij de enkels is uitgevoerd in marineblauwe wollen stof voor een casual look.,https://www.dior.com/nl_be/products/couture-963C119E4408_C540-wollen-jogginbroek,/heren/ready-to-wear/nieuw>,,Wollen jogginbroek,"€900,00",nl_be,13.161445140838623,€
563C574K4180_C000,"""L'Abeille"", signature de la Maison Dior, est réinterprétée en broderie all-over ton sur ton sur cette chemise en popeline de coton blanc pour une allure mode.",https://www.dior.com/fr_fr/products/couture-563C574K4180_C000-chemise-en-coton-broderie-abeille,/homme/pret-a-porter/nouveautes>,,"Chemise en coton, Broderie ""Abeille""","950,00€",fr_fr,13.63495945930481,€
433C529W3580_C089,"Thème fort de la collection Printemps 2019, la broderie ""Dior by Dior"" noire est placée à la poitrine de cette chemise en popeline de coton blanc pour une allure mode.",https://www.dior.com/fr_fr/products/couture-433C529W3580_C089-chemise-en-coton-broderie-dior-by-dior,/homme/pret-a-porter/nouveautes>,,"Chemise en coton, Broderie ""Dior By Dior""","550,00€",fr_fr,13.785317420959473,€
433C529W1135_C089,"Thème fort de la collection Printemps 2019, la broderie ""Dior by Dior"" noire est placée au col de cette chemise en popeline de coton stretch blanc pour une allure mode et sophistiquée.",https://www.dior.com/fr_fr/products/couture-433C529W1135_C089-chemise-en-coton-stretch-broderie-dior-by-dior,/homme/pret-a-porter/nouveautes>,,"Chemise en coton stretch, Broderie ""Dior by Dior""","500,00€",fr_fr,13.812591552734375,€
733C516A1581_C000,"Classique du vestiaire Dior, cette chemise en popeline de coton blanc se distingue par son col inversé pour un look contemporain et élégant.",https://www.dior.com/fr_fr/products/couture-733C516A1581_C000-chemise-en-coton-col-inverse,/homme/pret-a-porter/nouveautes>,,"Chemise en coton, Col inversé","420,00€",fr_fr,13.973733186721802,€
733M205ZT578_C679,Ce pull à capuche en jersey de cachemire vert se distingue par son effet bord-côte en contraste noir à la capuche et assure ainsi un style élégant et décontracté.,https://www.dior.com/fr_fr/products/couture-733M205ZT578_C679-pull-en-cachemrie-detail-de-bord-cote,/homme/pret-a-porter/nouveautes>,,"Pull en cachemrie, Détail de bord-côte","1300,00€",fr_fr,14.651655673980713,€
833M655KT332_C580,"Véritable hommage au savoir-faire des ateliers Dior du 3 rue de Marignan à Paris, le ruban ""Christian Dior Atelier"" est appliqué aux épaules de ce pull col rond en maille jersey de laine bleue. La broderie ""Abeille"" blanche placée à la poitrine signe cette pièce de l'empreinte Dior.",https://www.dior.com/fr_fr/products/couture-833M655KT332_C580-pull-en-laine-ruban-christian-dior-atelier,/homme/pret-a-porter/nouveautes>,,"Pull en laine, Ruban ""Christian Dior Atelier""","550,00€",fr_fr,14.680315017700195,€
433C529X1223_C089,"Cette chemise en popeline stretch de coton blanc se distingue par sa broderie ""Signature"" point main en contraste noir, pour un look élégant et contemporain.",https://www.dior.com/fr_fr/products/couture-433C529X1223_C089-chemise-en-coton-stretch-broderie-signature,/homme/pret-a-porter/nouveautes>,,"Chemise en coton stretch, Broderie ""Signature""","480,00€",fr_fr,15.200695753097534,€
963C556A1581_C900,"Cette chemise en popeline de coton noir se distingue par son ""Abeille"" en métal appliquée sur le col pour un look moderne.",https://www.dior.com/fr_fr/products/couture-963C556A1581_C900-chemise-en-coton-abeille-metal,/homme/pret-a-porter/nouveautes>,,"Chemise en coton, ""Abeille"" métal","450,00€",fr_fr,15.435321569442749,€
963C548K1223_C083,Cette chemise en popeline stretch de coton blanc se distingue par ses détails de tissu changeant et de passepoil au col pour un look mode et élégant.,https://www.dior.com/fr_fr/products/couture-963C548K1223_C083-chemise-en-coton-stretch-opposition-tissu,/homme/pret-a-porter/nouveautes>,,"Chemise en coton stretch, Opposition tissu","580,00€",fr_fr,15.789897441864014,€
833M603BT128_C540,"Indispensable du vestiaire masculin, ce pull col roulé en maille de cachemire bleu marine se distingue par son ""Abeille"" brodée en ton sur ton. À porter sous une veste pour un look chic ou sous un blouson ou une veste en jean pour une tenue plus décontractée.",https://www.dior.com/fr_fr/products/couture-833M603BT128_C540-pull-en-cachemire-broderie-abeille,/homme/pret-a-porter/nouveautes>,,"Pull en cachemire, Broderie ""Abeille""","800,00€",fr_fr,15.81618046760559,€
863M623ZT904_C342,Ce pull col roulé en maille double de laine bordeaux se distingue par son détail de zip dévoilant une toile technique de nylon noir une fois ouvert. Ce détail subtil assure une allure moderne.,https://www.dior.com/fr_fr/products/couture-863M623ZT904_C342-pull-en-laine-detail-de-zip,/homme/pret-a-porter/nouveautes>,,"Pull en laine, Détail de zip","850,00€",fr_fr,16.168343544006348,€
863M623ZT904_C900,Ce pull col roulé en maille double de laine noire se distingue par son détail de zip dévoilant une toile technique de nylon noir une fois ouvert. Ce détail subtil assure une allure moderne et élégante.,https://www.dior.com/fr_fr/products/couture-863M623ZT904_C900-pull-en-laine-detail-de-zip,/homme/pret-a-porter/nouveautes>,,"Pull en laine, Détail de zip","850,00€",fr_fr,16.242221355438232,€
863M623ZT904_C542,Ce pull col roulé en maille double de laine bleu marine se distingue par son détail de zip dévoilant une toile technique de nylon noir une fois ouvert. Ce détail subtil assure une allure moderne et élégante.,https://www.dior.com/fr_fr/products/couture-863M623ZT904_C542-pull-en-laine-detail-de-zip,/homme/pret-a-porter/nouveautes>,,"Pull en laine, Détail de zip","850,00€",fr_fr,16.732694149017334,€
963M633WT666_C980,"Thème fort de la collection Printemps 2019, le motif ""Dior by Dior"" blanc est réinterprété en intarsia sur ce pull col rond en maille de laine noire.",https://www.dior.com/fr_fr/products/couture-963M633WT666_C980-pull-en-laine-intarsia-dior-by-dior,/homme/pret-a-porter/nouveautes>,,"Pull en laine,  Intarsia ""Dior by Dior""","550,00€",fr_fr,17.304723024368286,€
923M649AT938_C980,"Pull en jersey de laine noire avec patch visiteur ""Christian Dior""",https://www.dior.com/fr_fr/products/couture-923M649AT938_C980-pull-en-laine-patch-visiteur-christian-dior,/homme/pret-a-porter/nouveautes>,,"Pull en laine, patch visiteur ""Christian Dior""","550,00€",fr_fr,17.350844621658325,€
833M603BT128_C900,"Indispensable du vestiaire masculin, ce pull col roulé en maille de cachemire noir se distingue par son ""Abeille"" brodée en ton sur ton. À porter sous une veste pour un look chic, ou sous un blouson ou une veste en jean pour une tenue plus décontractée.",https://www.dior.com/fr_fr/products/couture-833M603BT128_C900-pull-en-cachemire-broderie-abeille,/homme/pret-a-porter/nouveautes>,,"Pull en cachemire, Broderie ""Abeille""","800,00€",fr_fr,17.939566135406494,€
963C307S4394_C979,"Ce manteau en drap de cachemire noir se distingue par son élégant col pointe de satin noir et par son étiquette ""Christian Dior Atelier"" brodée au bas de manche. Cette pièce, idéale pour accompagner une tenue du soir, assure ainsi un look élégant.",https://www.dior.com/fr_fr/products/couture-963C307S4394_C979-manteau-en-cachemire-col-en-satin,/homme/pret-a-porter/nouveautes>,,"Manteau en cachemire, Col en satin","2950,00€",fr_fr,18.196775913238525,€
733M601BT666_C440,"Ce pull col rond en maille fine de laine violette se distingue par son ""Abeille"" brodée en ton sur ton. Ce détail signe cette pièce de l'empreinte Dior.",https://www.dior.com/fr_fr/products/couture-733M601BT666_C440-pull-en-laine-broderie-abeille,/homme/pret-a-porter/nouveautes>,,"Pull en laine, Broderie ""Abeille""","450,00€",fr_fr,18.240822315216064,€
963M233ZT578_C980,"Ce pull zippé en jersey de cachemire noir se distingue par son élégant col montant. Nouvel indispensable du vestiaire masculin, cette pièce assure un style élégant et décontracté.",https://www.dior.com/fr_fr/products/couture-963M233ZT578_C980-pull-en-cachemire-col-montant,/homme/pret-a-porter/nouveautes>,,"Pull en cachemire, Col montant","1050,00€",fr_fr,19.094208002090454,€
963M642KT928_C588,"Ce pull col rond en maille de laine bleue se distingue par ses boutons ""Abeille"" en métal placés à l'épaule gauche. Ses rayures bicolores assurent un look moderne et décontracté à cette pièce.",https://www.dior.com/fr_fr/products/couture-963M642KT928_C588-pull-en-laine-boutons-abeille,/homme/pret-a-porter/nouveautes>,,"Pull en laine, Boutons ""Abeille""","1150,00€",fr_fr,19.817009210586548,€
833C301Z4418_C379,"Cette parka en toile de nylon bordeaux est proposée dans un tissu technique avec effet changeant qui crée différents jeux de reflets et de couleurs, assurant une allure mode. ""L'Abeille"" en métal à la poitrine signe cette pièce de l'empreinte Dior.",https://www.dior.com/fr_fr/products/couture-833C301Z4418_C379-parka-en-nylon-effet-changeant,/homme/pret-a-porter/nouveautes>,,"Parka en nylon, Effet Changeant","2300,00€",fr_fr,21.252941370010376,€
963C556A1581_C000,Dit overhemd van wit katoenpopeline heeft een opvallende metalen bij op de kraag voor een moderne look.,https://www.dior.com/nl_be/products/couture-963C556A1581_C000-katoenen-overhemd-metalen-bij,/heren/ready-to-wear/nieuw>,,"Katoenen overhemd, metalen bij","€450,00",nl_be,21.501455068588257,€
963C556A1581_C900,Dit overhemd van zwart katoenpopeline heeft een opvallende metalen bij op de kraag voor een moderne look.,https://www.dior.com/nl_be/products/couture-963C556A1581_C900-katoenen-overhemd-metalen-bij,/heren/ready-to-wear/nieuw>,,"Katoenen overhemd, metalen bij","€450,00",nl_be,21.71139693260193,€
433C529X1223_C089,"Dit witte overhemd van stretchkatoenpopeline heeft een opvallende handgeborduurde signatuur in contrasterend zwart, voor een moderne en chique look.",https://www.dior.com/nl_be/products/couture-433C529X1223_C089-overhemd-van-stretchkatoen-geborduurde-signatuur,/heren/ready-to-wear/nieuw>,,"Overhemd van stretchkatoen, geborduurde signatuur","€480,00",nl_be,22.090726375579834,€
563C574K4180_C000,De bij is een kenmerk van Dior en is op dit witte overhemd van katoenpopeline uitgevoerd in all-over ton-sur-ton borduursels voor een trendy look.,https://www.dior.com/nl_be/products/couture-563C574K4180_C000-katoenen-overhemd-geborduurde-bij,/heren/ready-to-wear/nieuw>,,"Katoenen overhemd, geborduurde bij","€950,00",nl_be,22.198842763900757,€
433C529W1135_C089,Het zwarte Dior by Dior-borduursel is een hoofdthema uit de Spring 2019-collectie en is voor een trendy en verfijnde look op de kraag van dit overhemd van wit stretchpopeline aangebracht.,https://www.dior.com/nl_be/products/couture-433C529W1135_C089-overhemd-van-stretchkatoen-dior-by-dior-borduursel,/heren/ready-to-wear/nieuw>,,"Overhemd van stretchkatoen, Dior by Dior-borduursel","€500,00",nl_be,22.26730227470398,€
863C414Z4209_C900,"Ce blouson en denim stretch de coton noir se distingue par son élégant col en shearling noir pour un look moderne et intemporel. Le jacqueron de cuir noir embossé ""Dior"" au dos signe cette pièce de l'empreinte Dior.",https://www.dior.com/fr_fr/products/couture-863C414Z4209_C900-blouson-denim-en-coton-stretch-col-shearling,/homme/pret-a-porter/nouveautes>,,"Blouson denim en coton stretch, Col shearling","980,00€",fr_fr,22.472591876983643,€
963C447A3830_C901,"Cette doudoune en toile de nylon noir se distingue par son ""Abeille"" en métal, signature Dior placée à la poitrine. Les détails de bord-côte noir à la ceinture et aux poignets assurent un look moderne et décontracté à cette pièce.",https://www.dior.com/fr_fr/products/couture-963C447A3830_C901-doudoune-en-nylon-abeille-metal,/homme/pret-a-porter/nouveautes>,,"Doudoune en nylon, ""Abeille"" métal","1850,00€",fr_fr,23.226357221603394,€
433C529W3580_C980,Het witte Dior by Dior-borduursel is een kenmerkend detail uit de Summer 2019-collectie en is voor een trendy look op de borst van dit overhemd van zwart katoenpopeline aangebracht.,https://www.dior.com/nl_be/products/couture-433C529W3580_C980-katoenen-overhemd-dior-by-dior-borduursel,/heren/ready-to-wear/nieuw>,,"Katoenen overhemd, Dior by Dior-borduursel","€550,00",nl_be,23.560313940048218,€
963C548K1223_C083,Dit overhemd van wit stetchkatoenpopeline is uitgevoerd met opvallende glinsterende stoffen details en een bies bij de kraag voor een trendy en chique look.,https://www.dior.com/nl_be/products/couture-963C548K1223_C083-stretchkatoenen-overhemd-contrasterende-stof,/heren/ready-to-wear/nieuw>,,"Stretchkatoenen overhemd, contrasterende stof","€580,00",nl_be,23.688207149505615,€
433C529W3580_C089,Het zwarte Dior by Dior-borduursel is een hoofdthema uit de Spring 2019-collectie en is voor een trendy look op de borst van dit overhemd van wit katoenpopeline aangebracht.,https://www.dior.com/nl_be/products/couture-433C529W3580_C089-katoenen-overhemd-dior-by-dior-borduursel,/heren/ready-to-wear/nieuw>,,"Katoenen overhemd, Dior by Dior-borduursel","€550,00",nl_be,23.786945819854736,€
963C441Z4416_C579,"Cette doudoune sans manches en toile technique bleue et violette est proposée dans un tissu technique avec effet changeant qui crée différents jeux de reflets et de couleurs pour une allure mode. ""L'Abeille"" en métal à la poche gauche signe cette pièce de l'empreinte Dior.",https://www.dior.com/fr_fr/products/couture-963C441Z4416_C579-doudoune-en-nylon-effet-changeant,/homme/pret-a-porter/nouveautes>,,"Doudoune en nylon, Effet Changeant","1300,00€",fr_fr,24.069529056549072,€
963L455Z0353_C979,"Ce blouson d'aviateur en cuir de veau grainé noir se distingue par son col raffiné en castor noir, et assure ainsi un look moderne et intemporel.",https://www.dior.com/fr_fr/products/couture-963L455Z0353_C979-aviateur-en-cuir-de-veau-col-en-castor,/homme/pret-a-porter/nouveautes>,,"Aviateur en cuir de veau, Col en castor","4200,00€",fr_fr,24.474770069122314,€
733C408A4393_C689,"Incontournable du vestiaire masculin, ce blouson bomber est revisité dans une version mode en serge de laine verte avec des détails de bord-côte noir pour une allure moderne et décontractée. ""L'Abeille"" en métal placée à la poche gauche signe cette pièce de l'empreinte Dior.",https://www.dior.com/fr_fr/products/couture-733C408A4393_C689-bomber-en-laine-abeille-metal,/homme/pret-a-porter/nouveautes>,,"Bomber en laine, ""Abeille"" métal","1900,00€",fr_fr,24.529820442199707,€
863C439A3962_C900,"Ce blouson bomber en serge de nylon noir se distingue par son ruban ""Christian Dior Atelier"" appliqué aux épaules et aux manches. Cette pièce assure ainsi un look moderne et décontracté.",https://www.dior.com/fr_fr/products/couture-863C439A3962_C900-bomber-en-nylon-ruban-christian-dior-atelier,/homme/pret-a-porter/nouveautes>,,"Bomber en nylon, Ruban ""Christian Dior Atelier""","1600,00€",fr_fr,24.707388639450073,€
863J621K0910_C980,"Thème fort de la collection Printemps 2019, la broderie ""Dior by Dior"" blanche est placée à la poitrine de ce T-shirt en jersey de coton noir pour une allure mode. La broderie ""Abeille"" ton sur ton signe cette pièce de l'empreinte Dior Homme.",https://www.dior.com/fr_fr/products/couture-863J621K0910_C980-t-shirt-en-coton-broderie-dior-by-dior,/homme/pret-a-porter/nouveautes>,,"T-Shirt en coton, Broderie ""Dior by Dior""","450,00€",fr_fr,25.39931058883667,€
863J621K0910_C089,"Thème fort de la collection Printemps 2019, la broderie ""Dior by Dior"" noire est placée à la poitrine de ce T-shirt en jersey de coton blanc pour une allure mode. La broderie ""Abeille"" ton sur ton signe cette pièce de l'empreinte Dior Homme.",https://www.dior.com/fr_fr/products/couture-863J621K0910_C089-t-shirt-en-coton-broderie-dior-by-dior,/homme/pret-a-porter/nouveautes>,,"T-Shirt en coton, Broderie ""Dior by Dior""","450,00€",fr_fr,25.717337369918823,€
733J603W3610_C079,"Ce T-shirt en jersey de coton blanc se distingue par sa broderie ""Dior"" argentée, placée sur la poitrine et imitant la signature de Christian Dior. Cette pièce assure ainsi un style mode et décontracté.",https://www.dior.com/fr_fr/products/couture-733J603W3610_C079-t-shirt-en-coton-broderie-signature-dior,/homme/pret-a-porter/nouveautes>,,"T-Shirt en coton, Broderie signature ""Dior""","450,00€",fr_fr,26.48805809020996,€
963C410Z4418_C379,Ce blouson en toile de nylon bordeaux est proposé dans un tissu technique avec effet changeant qui crée différents jeux de reflets et de couleurs. Cette pièce réversible peut également se porter sur la face en toile de nylon noir et assure ainsi une grande polyvalence.,https://www.dior.com/fr_fr/products/couture-963C410Z4418_C379-blouson-en-nylon-reversible,/homme/pret-a-porter/nouveautes>,,"Blouson en nylon, Réversible","1800,00€",fr_fr,27.03104519844055,€
923J611B0533_C984,"T-shirt en jersey de coton noir avec patch visiteur ""Christian Dior""",https://www.dior.com/fr_fr/products/couture-923J611B0533_C984-t-shirt-en-coton-patch-visiteur-christian-dior,/homme/pret-a-porter/nouveautes>,,"T-shirt en coton, patch visiteur ""Christian Dior""","390,00€",fr_fr,27.126182556152344,€
963C447Z4416_C379,"Cette doudoune en toile technique bordeaux est proposée dans un tissu technique avec effet changeant qui crée différents jeux de reflets et de couleurs pour une allure mode. ""L'Abeille"" en métal à la poitrine signe cette pièce de l'empreinte Dior.",https://www.dior.com/fr_fr/products/couture-963C447Z4416_C379-doudoune-en-nylon-effet-changeant,/homme/pret-a-porter/nouveautes>,,"Doudoune en nylon, Effet Changeant","1900,00€",fr_fr,27.52444624900818,€
963C443Z4416_C579,Ce blouson à capuche est proposé dans une version bi-matière ; un tissu technique bleu et violet avec effet changeant juxtaposant une toile de nylon noir. Cet effet de contraste lui assure un look mode.,https://www.dior.com/fr_fr/products/couture-963C443Z4416_C579-blouson-a-capuche-en-nylon-effet-changeant,/homme/pret-a-porter/nouveautes>,,"Blouson à capuche en nylon,  Effet Changeant","1600,00€",fr_fr,28.139344692230225,€
923J611X1241_C485,T-shirt en jersey de coton rose avec imprimé et broderies DIOR x KAWS,https://www.dior.com/fr_fr/products/couture-923J611X1241_C485-t-shirt-en-coton-dior-x-kaws,/homme/pret-a-porter/nouveautes>,,"T-shirt en coton, DIOR x KAWS","450,00€",fr_fr,28.334757089614868,€
923J611X1241_C088,T-shirt en jersey coton blanc avec imprimé et broderies DIOR x KAWS,https://www.dior.com/fr_fr/products/couture-923J611X1241_C088-t-shirt-en-coton-dior-x-kaws,/homme/pret-a-porter/nouveautes>,,"T-shirt en coton, DIOR x KAWS","450,00€",fr_fr,28.385348320007324,€
863J613B0526_C070,"L'un des imprimés forts de la collection Printemps 2019 orne en all-over ce T-shirt en jersey de coton blanc. La broderie ""Abeille"" blanche signe cette pièce de l'empreinte Dior.",https://www.dior.com/fr_fr/products/couture-863J613B0526_C070-t-shirt-en-coton-imprime-all-over-dior,/homme/pret-a-porter/nouveautes>,,"T-Shirt en coton, Imprimé all-over Dior","400,00€",fr_fr,28.41375732421875,€
923J611X1241_C584,T-shirt en jersey de coton bleu marine avec imprimé et broderies DIOR x KAWS,https://www.dior.com/fr_fr/products/couture-923J611X1241_C584-t-shirt-en-coton-dior-x-kaws,/homme/pret-a-porter/nouveautes>,,"T-shirt en coton, DIOR x KAWS","450,00€",fr_fr,29.15169048309326,€
923C450Z0152_C584,Blouson à capuche zippé en toile de nylon bleu marine avec imprimé et broderies DIOR x KAWS,https://www.dior.com/fr_fr/products/couture-923C450Z0152_C584-blouson-en-nylon-dior-x-kaws,/homme/pret-a-porter/nouveautes>,,"Blouson en nylon, DIOR x KAWS","1800,00€",fr_fr,29.2364821434021,€
963J631W5764_C900,"En hommage à Christian Dior et à sa fascination pour les fleurs, ce sweatshirt en molleton de coton noir se distingue par son ""Iris"" brodé à la main à la poitrine. Cette pièce d'exception assure un look moderne et sophistiqué.",https://www.dior.com/fr_fr/products/couture-963J631W5764_C900-sweatshirt-en-coton-broderie-iris,/homme/pret-a-porter/nouveautes>,,"Sweatshirt en coton, Broderie ""Iris""","1950,00€",fr_fr,29.601730823516846,€
733J603W3610_C979,"Ce T-shirt en jersey de coton noir se distingue par sa broderie ""Dior"" argentée, placée sur la poitrine et imitant la signature de Christian Dior. Cette pièce assure ainsi un style mode et décontracté.",https://www.dior.com/fr_fr/products/couture-733J603W3610_C979-t-shirt-en-coton-broderie-signature-dior,/homme/pret-a-porter/nouveautes>,,"T-Shirt en coton, Broderie signature ""Dior""","450,00€",fr_fr,29.81446123123169,€
733C516A1581_C000,"Een klassieker in elke Dior-garderobe, dit witte overhemd van katoenpopeline is uitgevoerd met een opvallende omgekeerde kraag voor een moderne en chique look.",https://www.dior.com/nl_be/products/couture-733C516A1581_C000-katoenen-overhemd-omgekeerde-kraag,/heren/ready-to-wear/nieuw>,,"Katoenen overhemd, omgekeerde kraag","€420,00",nl_be,30.18805980682373,€
lady,,https://www.dior.com/fr_fr/femme/sacs/my-lady-dior/collection/my-lady-dior/sac-my-lady-dior-en-veau-1-84611,/femme/sacs/nouveautes>,,Sac My Lady Dior en veau,"2950,00€",fr_fr,32.29309964179993,€
923J611B0533_C081,"T-shirt en jersey de coton blanc avec patch visiteur ""Christian Dior""",https://www.dior.com/fr_fr/products/couture-923J611B0533_C081-t-shirt-en-coton-patch-visiteur-christian-dior,/homme/pret-a-porter/nouveautes>,,"T-shirt en coton, patch visiteur ""Christian Dior""","390,00€",fr_fr,32.43862771987915,€
833M655KT332_C580,"Als eerbetoon aan het vakmanschap van de Dior-ateliers aan 3 Rue de Marignan in Parijs, is het Christian Dior Atelier-lint te zien op de schouders van deze trui met ronde hals van blauwe wollen jersey. De witte geborduurde bij op de borst draagt het onmiskenbare stempel van Dior.",https://www.dior.com/nl_be/products/couture-833M655KT332_C580-wollen-trui-christian-dior-atelier-lint,/heren/ready-to-wear/nieuw>,,"Wollen trui, Christian Dior Atelier-lint","€550,00",nl_be,32.848485708236694,€
333J666W5864_C980,"Thèmes forts de la collection Printemps 2019, les broderies ""Dior by Dior"" et ""Forever Young"" blanches sont placées à la poitrine de ce sweatshirt en molleton de coton noir. Célébrant l'insouciance de la jeunesse, cette pièce assure un look mode et décontracté.",https://www.dior.com/fr_fr/products/couture-333J666W5864_C980-sweatshirt-en-coton-broderies-dior-by-dior-et-forever-young,/homme/pret-a-porter/nouveautes>,,"Sweatshirt en coton, Broderies ""Dior by Dior"" et ""Forever Young""","590,00€",fr_fr,32.89808392524719,€
333J666B0527_C959,"L'un des imprimés forts de la collection Printemps 2019 orne en all-over ce sweatshirt en molleton de coton noir. La broderie ""Abeille"" noire signe cette pièce de l'empreinte Dior.",https://www.dior.com/fr_fr/products/couture-333J666B0527_C959-sweatshirt-en-coton-imprime-all-over-dior,/homme/pret-a-porter/nouveautes>,,"Sweatshirt en coton, Imprimé all-over Dior","550,00€",fr_fr,33.298917293548584,€
733M601BT666_C440,"Deze fijngebreide, paarse wollen trui met ronde hals is voorzien van een opvallende geborduurde ton-sur-ton bij. Een detail dat dit kledingstuk het onmiskenbare stempel van Dior geeft.",https://www.dior.com/nl_be/products/couture-733M601BT666_C440-wollen-trui-geborduurde-bij,/heren/ready-to-wear/nieuw>,,"Wollen trui, geborduurde bij","€450,00",nl_be,33.37956428527832,€
333J666W3664_C979,"Ce sweatshirt en molleton de coton noir se distingue par sa broderie ""Dior"" argentée, placée sur la poitrine et imitant la signature de Christian Dior. Cette pièce assure ainsi un style mode et décontracté.",https://www.dior.com/fr_fr/products/couture-333J666W3664_C979-sweatshirt-en-coton-broderie-signature-dior,/homme/pret-a-porter/nouveautes>,,"Sweatshirt en coton, Broderie signature ""Dior""","590,00€",fr_fr,33.755922079086304,€
733M205ZT578_C679,Deze trui met capuchon van groen kasjmiertricot is voorzien van een opvallend zwart contrasterende geribd effect op de capuchon voor een chique en casual uitstraling.,https://www.dior.com/nl_be/products/couture-733M205ZT578_C679-trui-van-kasjmier-detail-van-ribboord,/heren/ready-to-wear/nieuw>,,"Trui van kasjmier, detail van ribboord","€1.300,00",nl_be,34.24798798561096,€
833M603BT128_C900,Deze zwarte coltrui van kasjmier is uitgevoerd met een opvallende geborduurde ton-sur-ton bij is een essential in iedere herengarderobe. Draag het model onder een jasje voor een chique look of onder een denim jack voor een meer casual outfit.,https://www.dior.com/nl_be/products/couture-833M603BT128_C900-trui-van-kasjmier-geborduurde-bij,/heren/ready-to-wear/nieuw>,,"Trui van kasjmier, geborduurde bij","€800,00",nl_be,34.29059147834778,€
963M633WT666_C980,Het witte Dior by Dior-motief is een hoofdthema uit de Spring 2019-collectie en is in intarsia op deze trui met ronde hals van zwarte wol aangebracht.,https://www.dior.com/nl_be/products/couture-963M633WT666_C980-wollen-sweater-dior-by-dior-intarsia,/heren/ready-to-wear/nieuw>,,"Wollen sweater,  Dior by Dior-intarsia","€550,00",nl_be,35.239304304122925,€
963M233ZT578_C980,"Deze trui met rits van zwart kasjmiertricot heeft een opvallende, chique hoge kraag. Dit model staat garant voor een chique en casual look en is de nieuwe must have voor iedere herengarderobe.",https://www.dior.com/nl_be/products/couture-963M233ZT578_C980-trui-van-kasjmier-hoge-kraag,/heren/ready-to-wear/nieuw>,,"Trui van kasjmier, hoge kraag","€1.050,00",nl_be,37.292922258377075,€
863M623ZT904_C342,"Deze dubbelgebreide, bordeauxrode wollen coltrui heeft een opvallende rits met daarachter technische stof van zwart nylon die zichtbaar wordt als de rits open is. Een subtiel detail voor een moderne look.",https://www.dior.com/nl_be/products/couture-863M623ZT904_C342-wollen-trui-ritsdetail,/heren/ready-to-wear/nieuw>,,"Wollen trui, ritsdetail","€850,00",nl_be,37.35694861412048,€
833M603BT128_C540,Deze marineblauwe coltrui van kasjmier is uitgevoerd met een opvallende geborduurde ton-sur-ton bij en is een essential in iedere herengarderobe. Draag het model onder een jasje voor een chique look of onder een denim jack voor een meer casual outfit.,https://www.dior.com/nl_be/products/couture-833M603BT128_C540-trui-van-kasjmier-geborduurde-bij,/heren/ready-to-wear/nieuw>,,"Trui van kasjmier, geborduurde bij","€800,00",nl_be,37.93257164955139,€
963C307S4394_C979,"Deze jas van zwart kasjmier is uitgevoerd met een opvallende zwarte satijnen puntrevers en een Christian Dior Atelier-label dat op de mouwboord is geborduurd. Ideaal om bij uw avondoutfit te dragen, voor een chique look.",https://www.dior.com/nl_be/products/couture-963C307S4394_C979-jas-van-kasjmier-satijnen-kraag,/heren/ready-to-wear/nieuw>,,"Jas van kasjmier, satijnen kraag","€2.950,00",nl_be,38.02879571914673,€
863M623ZT904_C900,"Deze dubbelgebreide, zwarte wollen coltrui heeft een opvallende rits met daarachter technische stof van zwart nylon die zichtbaar wordt als de rits open is. Een subtiel detail voor een moderne en chique look.",https://www.dior.com/nl_be/products/couture-863M623ZT904_C900-wollen-trui-ritsdetail,/heren/ready-to-wear/nieuw>,,"Wollen trui, ritsdetail","€850,00",nl_be,38.68583297729492,€
963M642KT928_C588,Deze trui met ronde hals van blauwe wol is uitgevoerd met opvallende bijknopen op de linkerschouder. De tweekleurige strepen geven een moderne en casual look aan dit model.,https://www.dior.com/nl_be/products/couture-963M642KT928_C588-wollen-trui-bijknopen,/heren/ready-to-wear/nieuw>,,"Wollen trui, bijknopen","€1.150,00",nl_be,38.7756712436676,€
863M623ZT904_C542,"Deze dubbelgebreide, marineblauwe wollen coltrui heeft een opvallende rits met daarachter technische stof van zwart nylon die zichtbaar wordt als de rits open is. Een subtiel detail voor een moderne en chique look.",https://www.dior.com/nl_be/products/couture-863M623ZT904_C542-wollen-trui-ritsdetail,/heren/ready-to-wear/nieuw>,,"Wollen trui, ritsdetail","€850,00",nl_be,38.904675006866455,€
963C410Z4418_C379,"Dit jack van bordeauxrood nylon is gemaakt van technische stof met een glimmend effect dat voor veranderende weerspiegelingen en kleuren zorgt. Dit extreem veelzijdige, omkeerbare jack kan aan de kant met zwarte nylon stof worden gedragen.",https://www.dior.com/nl_be/products/couture-963C410Z4418_C379-nylon-jack-aan-twee-kanten-draagbaar,/heren/ready-to-wear/nieuw>,,"Nylon jack, aan twee kanten draagbaar","€1.800,00",nl_be,38.987964391708374,€
833C301Z4418_C379,Deze parka van bordeauxrood nylon is gemaakt van technische stof met een glimmend effect dat  veranderende weerspiegelingen en kleuren creëert en u verzekert van een trendy look. De metalen bij op de borst draagt het onmiskenbare stempel van Dior.,https://www.dior.com/nl_be/products/couture-833C301Z4418_C379-nylon-parka-glimmend-effect,/heren/ready-to-wear/nieuw>,,"Nylon parka, glimmend effect","€2.300,00",nl_be,39.02119851112366,€
923M649AT938_C980,Sweater van zwarte wollen jersey met een Christian Dior-bezoekerspatch,https://www.dior.com/nl_be/products/couture-923M649AT938_C980-sweater-van-wol-christian-dior-bezoekerspatch,/heren/ready-to-wear/nieuw>,,"Sweater van wol, Christian Dior-bezoekerspatch","€550,00",nl_be,39.26758599281311,€
923J620W1242_C584,Sweatshirt en molleton de coton bleu marine avec broderies DIOR x KAWS,https://www.dior.com/fr_fr/products/couture-923J620W1242_C584-sweatshirt-en-coton-dior-x-kaws,/homme/pret-a-porter/nouveautes>,,"Sweatshirt en coton, DIOR x KAWS","700,00€",fr_fr,40.12884306907654,€
733C408A4393_C689,Dit bomberjack is uitgevoerd in trendy groene wollen twill met zwarte ribboord voor een moderne en casual look. De metalen bij op de linkerzak draagt het onmiskenbare stempel van Dior.,https://www.dior.com/nl_be/products/couture-733C408A4393_C689-wollen-bomberjack-metalen-bij,/heren/ready-to-wear/nieuw>,,"Wollen bomberjack, metalen bij","€1.900,00",nl_be,40.163082122802734,€
963L455Z0353_C979,Dit bomberjack van zwart generfd kalfsleer is uitgevoerd met een opvallende verfijnde zwarte beverkraag en garandeert een moderne en tijdloze look.,https://www.dior.com/nl_be/products/couture-963L455Z0353_C979-bomberjack-van-kalfsleer-beverkraag,/heren/ready-to-wear/nieuw>,,"Bomberjack van kalfsleer, beverkraag","€4.200,00",nl_be,40.79166603088379,€
863C414Z4209_C900,Dit jack van zwart stretchkatoenen denim is uitgevoerd met een opvallende chique zwarte lamswollen kraag voor een moderne en tijdloze look. Het zwartleren jeanslabel met Dior-inscriptie op de achterkant draagt het onmiskenbare stempel van Dior.,https://www.dior.com/nl_be/products/couture-863C414Z4209_C900-jack-van-stretchkatoenen-denim-lamswollen-kraag,/heren/ready-to-wear/nieuw>,,"Jack van stretchkatoenen denim, lamswollen kraag","€980,00",nl_be,40.92006802558899,€
863C439A3962_C900,Dit zwarte bomberjack van nylon twill is uitgevoerd met een opvallend Christian Dior Atelier-lint op de schouders en de mouwen. Dit kledingstuk staat garant voor een eigentijdse en casual look.,https://www.dior.com/nl_be/products/couture-863C439A3962_C900-nylon-bomberjack-christian-dior-atelier-lint,/heren/ready-to-wear/nieuw>,,"Nylon bomberjack, Christian Dior Atelier-lint","€1.600,00",nl_be,43.9387640953064,€
963C443Z4416_C579,Dit jack met capuchon is uitgevoerd in twee stoffen; paarsblauwe technische stof met een glimmend effect en zwarte nylon stof. Dit contrasterende effect garandeert een trendy look.,https://www.dior.com/nl_be/products/couture-963C443Z4416_C579-nylon-jack-met-capuchon-glimmend-effect,/heren/ready-to-wear/nieuw>,,"Nylon jack met capuchon,  glimmend effect","€1.600,00",nl_be,44.0646812915802,€
963C447A3830_C901,"Dit donsjack van zwarte nylon stof is uitgevoerd met een opvallende metalen bij, het kenmerk van Dior, op de borst. De zwarte ribboord bij de taille en de mouwboorden geven een moderne en casual uitstraling aan het model.",https://www.dior.com/nl_be/products/couture-963C447A3830_C901-nylon-donsjack-metalen-bij,/heren/ready-to-wear/nieuw>,,"Nylon donsjack, metalen bij","€1.850,00",nl_be,44.10486459732056,€
963C441Z4416_C579,Deze bodywarmer is gemaakt van paarsblauwe technische stof met een glimmend effect dat veranderende weerspiegelingen en kleuren creëert en u verzekert van een trendy look. De metalen bij op de linkerzak draagt het onmiskenbare stempel van Dior.,https://www.dior.com/nl_be/products/couture-963C441Z4416_C579-nylon-donsjack-glimmend-effect,/heren/ready-to-wear/nieuw>,,"Nylon donsjack, glimmend effect","€1.300,00",nl_be,44.151029109954834,€
923C450Z0152_C584,Jack met rits en capuchon van marineblauwe nylon stof met een DIOR x KAWS-print en borduursel,https://www.dior.com/nl_be/products/couture-923C450Z0152_C584-nylon-jack-dior-x-kaws,/heren/ready-to-wear/nieuw>,,"Nylon jack, DIOR x KAWS","€1.800,00",nl_be,44.514559268951416,€
963C447Z4416_C379,Dit donsjack van bordeauxrode technische stof heeft een glimmend effect dat veranderende weerspiegelingen en kleuren creëert en u verzekert van een trendy look. De metalen bij op de borst draagt het onmiskenbare stempel van Dior.,https://www.dior.com/nl_be/products/couture-963C447Z4416_C379-nylon-donsjack-glimmend-effect,/heren/ready-to-wear/nieuw>,,"Nylon donsjack, glimmend effect","€1.900,00",nl_be,44.59830927848816,€
863J613B0526_C070,Dit witte T-shirt van katoenen jersey is uitgevoerd met een all-over motief van een van de belangrijkste prints uit de Spring 2019 collectie. De geborduurde witte bij draagt het onmiskenbare stempel van Dior.,https://www.dior.com/nl_be/products/couture-863J613B0526_C070-katoenen-t-shirt-all-over-dior-print,/heren/ready-to-wear/nieuw>,,"Katoenen T-shirt, all-over Dior-print","€400,00",nl_be,44.792234897613525,€
863J621K0910_C980,Het witte Dior by Dior-borduursel is een hoofdthema uit de Spring 2019-collectie en is voor een trendy look op de borst van dit T-shirt van zwarte katoenjersey aangebracht. De ton-sur-ton geborduurde bij draagt het onmiskenbare stempel van Dior Homme.,https://www.dior.com/nl_be/products/couture-863J621K0910_C980-katoenen-t-shirt-dior-by-dior-borduursel,/heren/ready-to-wear/nieuw>,,"Katoenen T-shirt, Dior by Dior-borduursel","€450,00",nl_be,44.815096616744995,€
923J611X1241_C584,Marineblauw T-shirt van katoenen jersey met een DIOR x KAWS-print en borduursel,https://www.dior.com/nl_be/products/couture-923J611X1241_C584-katoenen-t-shirt-dior-x-kaws,/heren/ready-to-wear/nieuw>,,"Katoenen T-shirt, DIOR x KAWS","€450,00",nl_be,45.904537200927734,€
733J603W3610_C979,"Dit zwarte T-shirt van katoenjersey heeft een opvallend zilverkleurig Dior-borduursel op de borst, een variant op het Christian Dior-logo. Een elegant en tegelijk casual kledingstuk.",https://www.dior.com/nl_be/products/couture-733J603W3610_C979-katoenen-t-shirt-geborduurde-dior-signatuur,/heren/ready-to-wear/nieuw>,,"Katoenen T-shirt, geborduurde Dior-signatuur","€450,00",nl_be,47.29200458526611,€
733J603W3610_C079,"Dit witte T-shirt van katoenjersey heeft een opvallend zilverkleurig Dior-borduursel op de borst, een variant op het Christian Dior-logo. Een elegant en tegelijk casual kledingstuk.",https://www.dior.com/nl_be/products/couture-733J603W3610_C079-katoenen-t-shirt-geborduurde-dior-signatuur,/heren/ready-to-wear/nieuw>,,"Katoenen T-shirt, geborduurde Dior-signatuur","€450,00",nl_be,47.57862639427185,€
863J621K0910_C089,Het zwarte Dior by Dior-borduursel is een hoofdthema uit de Spring 2019-collectie en is voor een trendy look op de borst van dit T-shirt van witte katoenjersey aangebracht. De ton-sur-ton geborduurde bij draagt het onmiskenbare stempel van Dior Homme.,https://www.dior.com/nl_be/products/couture-863J621K0910_C089-katoenen-t-shirt-dior-by-dior-borduursel,/heren/ready-to-wear/nieuw>,,"Katoenen T-shirt, Dior by Dior-borduursel","€450,00",nl_be,47.769057750701904,€
923J611B0533_C984,Zwart T-shirt van katoenen jersey met een Christian Dior-bezoekerspatch,https://www.dior.com/nl_be/products/couture-923J611B0533_C984-katoenen-t-shirt-christian-dior-bezoekerspatch,/heren/ready-to-wear/nieuw>,,"Katoenen T-shirt, Christian Dior-bezoekerspatch","€390,00",nl_be,48.26334595680237,€
963J631W5764_C900,"Als eerbetoon aan Christian Dior en zijn fascinatie voor bloemen, is een opvallende handgeborduurde iris op de borst van dit sweatshirt van zwart katoenfleece aangebracht. Een uitzonderlijk model voor een moderne en verfijnde look.",https://www.dior.com/nl_be/products/couture-963J631W5764_C900-katoenen-sweatshirt-irisborduursel,/heren/ready-to-wear/nieuw>,,"Katoenen sweatshirt, irisborduursel","€1.950,00",nl_be,48.3291494846344,€
923J611B0533_C081,Wit T-shirt van katoenen jersey met een Christian Dior-bezoekerspatch,https://www.dior.com/nl_be/products/couture-923J611B0533_C081-katoenen-t-shirt-christian-dior-bezoekerspatch,/heren/ready-to-wear/nieuw>,,"Katoenen T-shirt, Christian Dior-bezoekerspatch","€390,00",nl_be,48.656334400177,€
S0328ONGJ_M50H_TU,Pochette Wallet on Chain Diorama en agneau matelassé Archicannage couleur vert cyprès.,https://www.dior.com/fr_fr/products/couture-S0328ONGJ_M50H_TU-pochette-diorama-en-agneau,/femme/sacs/nouveautes>,,Pochette Diorama en agneau,"1250,00€",fr_fr,49.60962200164795,€
923J611X1241_C485,Roze T-shirt van katoenen jersey met een DIOR x KAWS-print en borduursel,https://www.dior.com/nl_be/products/couture-923J611X1241_C485-katoenen-t-shirt-dior-x-kaws,/heren/ready-to-wear/nieuw>,,"Katoenen T-shirt, DIOR x KAWS","€450,00",nl_be,49.4900598526001,€
923J611X1241_C088,Wit T-shirt van katoenen jersey met een DIOR x KAWS-print en borduursel,https://www.dior.com/nl_be/products/couture-923J611X1241_C088-katoenen-t-shirt-dior-x-kaws,/heren/ready-to-wear/nieuw>,,"Katoenen T-shirt, DIOR x KAWS","€450,00",nl_be,49.57156753540039,€
S0328ONGJ_M900_TU,Pochette Wallet on Chain Diorama en agneau matelassé Archicannage noir.,https://www.dior.com/fr_fr/products/couture-S0328ONGJ_M900_TU-pochette-diorama-en-agneau,/femme/sacs/nouveautes>,,Pochette Diorama en agneau,"1250,00€",fr_fr,50.308552265167236,€
S0328ONGJ_M41R_TU,Pochette Wallet on Chain Diorama en agneau matelassé Archicannage couleur rouge Scarlet.,https://www.dior.com/fr_fr/products/couture-S0328ONGJ_M41R_TU-pochette-diorama-en-agneau,/femme/sacs/nouveautes>,,Pochette Diorama en agneau,"1250,00€",fr_fr,50.58796405792236,€
S5619CTZQ_M924_TU,Pochette ceinture Saddle en toile jacquard Dior Oblique verte et détails en cuir de vachette vert.,https://www.dior.com/fr_fr/products/couture-S5619CTZQ_M924_TU-pochette-saddle-dior-oblique,/femme/sacs/nouveautes>,,Pochette Saddle Dior Oblique,"710,00€",fr_fr,50.664862632751465,€
333J666W5864_C980,De witte borduursels van Dior by Dior en Forever Young zijn hoofdthema's uit de Spring 2019-collectie en zijn op de borst van dit zwarte sweatshirt van katoenfleece aangebracht. Dit model brengt een ode aan de zorgeloosheid van de jeugd en staat garant voor een trendy en casual look.,https://www.dior.com/nl_be/products/couture-333J666W5864_C980-sweatshirt-van-katoen-borduursels-van-dior-by-dior-en-forever-young,/heren/ready-to-wear/nieuw>,,"Sweatshirt van katoen, borduursels van Dior by Dior en Forever Young","€590,00",nl_be,51.016473054885864,€
S5620CWVG_M900_TU,Grande pochette Wallet on Chain Saddle en veau grainé embossé noir.,https://www.dior.com/fr_fr/products/couture-S5620CWVG_M900_TU-pochette-saddle-en-veau,/femme/sacs/nouveautes>,,Pochette Saddle en veau,"1600,00€",fr_fr,51.34789276123047,€
333J666B0527_C959,Dit zwarte sweatshirt van katoenfleece is uitgevoerd met een all-over motief van een van de belangrijkste prints uit de Spring 2019 collectie. De geborduurde zwarte bij draagt het onmiskenbare stempel van Dior.,https://www.dior.com/nl_be/products/couture-333J666B0527_C959-katoenen-sweatshirt-all-over-dior-print,/heren/ready-to-wear/nieuw>,,"Katoenen sweatshirt, all-over Dior-print","€550,00",nl_be,51.2193124294281,€
S5620CWVG_M42R_TU,Grande pochette Wallet on Chain Saddle en veau grainé embossé couleur rouge Scarlet.,https://www.dior.com/fr_fr/products/couture-S5620CWVG_M42R_TU-pochette-saddle-en-veau,/femme/sacs/nouveautes>,,Pochette Saddle en veau,"1600,00€",fr_fr,51.66518759727478,€
S5620CTZQ_M928_TU,Grande pochette Wallet on Chain Saddle en toile jacquard Dior Oblique bleue et cuir de vachette bleu.,https://www.dior.com/fr_fr/products/couture-S5620CTZQ_M928_TU-pochette-saddle-dior-oblique,/femme/sacs/nouveautes>,,Pochette Saddle Dior Oblique,"1450,00€",fr_fr,51.95710802078247,€
S5620CTZQ_M974_TU,Grande pochette Wallet on Chain Saddle en toile jacquard Dior Oblique bordeaux et cuir de vachette bordeaux.,https://www.dior.com/fr_fr/products/couture-S5620CTZQ_M974_TU-pochette-saddle-dior-oblique,/femme/sacs/nouveautes>,,Pochette Saddle Dior Oblique,"1450,00€",fr_fr,52.02304005622864,€
333J666W3664_C979,"Dit zwarte sweatshirt van katoenfleece heeft een opvallend zilverkleurig Dior-borduursel op de borst, een variant op het Christian Dior-logo. Een elegant en tegelijk casual kledingstuk.",https://www.dior.com/nl_be/products/couture-333J666W3664_C979-katoenen-sweatshirt-geborduurde-dior-signatuur,/heren/ready-to-wear/nieuw>,,"Katoenen sweatshirt, geborduurde Dior-signatuur","€590,00",nl_be,51.9969277381897,€
M1286ZBTM_M911_TU,Sac Dior Book Tote en toile brodée de fleurs et de cœurs multicolores.,https://www.dior.com/fr_fr/products/couture-M1286ZBTM_M911_TU-sac-dior-book-tote-en-toile-brodee,/femme/sacs/nouveautes>,,Sac Dior Book Tote en toile brodée,"2300,00€",fr_fr,52.28463363647461,€
M1286ZTDT_M974_TU,Sac Dior Book Tote en toile brodée Toile de Jouy bordeaux.,https://www.dior.com/fr_fr/products/couture-M1286ZTDT_M974_TU-sac-dior-book-tote-toile-de-jouy,/femme/sacs/nouveautes>,,Sac Dior Book Tote Toile de Jouy,"2300,00€",fr_fr,52.39871835708618,€
S0204ONMJ_M50H_TU,Pochette rectangulaire Lady Dior en agneau Cannage couleur vert cyprès.,https://www.dior.com/fr_fr/products/couture-S0204ONMJ_M50H_TU-pochette-lady-dior-en-agneau,/femme/sacs/nouveautes>,,Pochette Lady Dior en agneau,"1050,00€",fr_fr,52.441816091537476,€
M1286ZTDT_M928_TU,Sac Dior Book Tote en toile brodée Toile de Jouy bleue.,https://www.dior.com/fr_fr/products/couture-M1286ZTDT_M928_TU-sac-dior-book-tote-toile-de-jouy,/femme/sacs/nouveautes>,,Sac Dior Book Tote Toile de Jouy,"2300,00€",fr_fr,52.90000081062317,€
M5871CWTN_M384_TU,Sac hobo Diorodeo en veau souple couleur rouge scarlet.,https://www.dior.com/fr_fr/products/couture-M5871CWTN_M384_TU-sac-hobo-diorodeo-en-veau,/femme/sacs/nouveautes>,,Sac hobo Diorodeo en veau,"3300,00€",fr_fr,53.197696685791016,€
923J620W1242_C584,Marineblauw sweatshirt van katoenfleece met een DIOR x KAWS-borduursel,https://www.dior.com/nl_be/products/couture-923J620W1242_C584-katoenen-sweatshirt-dior-x-kaws,/heren/ready-to-wear/nieuw>,,"Katoenen sweatshirt, DIOR x KAWS","€700,00",nl_be,53.46086549758911,€
M9002VRMM_M06E_TU,Mini sac J'Adior en veau lisse écru brodé de fleurs noires en cuir.,https://www.dior.com/fr_fr/products/couture-M9002VRMM_M06E_TU-mini-sac-j-adior-brode,/femme/sacs/nouveautes>,,Mini sac J'Adior brodé,"4550,00€",fr_fr,53.711169481277466,€
S5619CTZQ_M928_TU,Pochette ceinture Saddle en toile jacquard Dior Oblique bleue et détails en cuir de vachette bleu.,https://www.dior.com/fr_fr/products/couture-S5619CTZQ_M928_TU-pochette-saddle-dior-oblique,/femme/sacs/nouveautes>,,Pochette Saddle Dior Oblique,"710,00€",fr_fr,53.730069160461426,€
M9002CWVM_M030_TU,Mini sac J'Adior en veau grainé embossé écru.,https://www.dior.com/fr_fr/products/couture-M9002CWVM_M030_TU-mini-sac-j-adior-en-veau,/femme/sacs/nouveautes>,,Mini sac J'Adior en veau,"1900,00€",fr_fr,53.81830811500549,€
M9002CWVM_M900_TU,Mini sac J'Adior en veau grainé embossé noir.,https://www.dior.com/fr_fr/products/couture-M9002CWVM_M900_TU-mini-sac-j-adior-en-veau,/femme/sacs/nouveautes>,,Mini sac J'Adior en veau,"1900,00€",fr_fr,54.434810400009155,€
M0421ONSW_M46P_TU,Petit sac Diorama en agneau Archicannage couleur rose bonbon avec œillets.,https://www.dior.com/fr_fr/products/couture-M0421ONSW_M46P_TU-petit-sac-diorama-en-agneau,/femme/sacs/nouveautes>,,Petit sac Diorama en agneau,"2750,00€",fr_fr,54.482409715652466,€
M0421ONSW_M030_TU,Petit sac Diorama en agneau Archicannage écru avec œillets.,https://www.dior.com/fr_fr/products/couture-M0421ONSW_M030_TU-petit-sac-diorama-en-agneau,/femme/sacs/nouveautes>,,Petit sac Diorama en agneau,"2750,00€",fr_fr,54.524179220199585,€
M0421ONSW_M81B_TU,Petit sac Diorama en agneau Archicannage couleur bleu ciel avec œillets.,https://www.dior.com/fr_fr/products/couture-M0421ONSW_M81B_TU-petit-sac-diorama-en-agneau,/femme/sacs/nouveautes>,,Petit sac Diorama en agneau,"2750,00€",fr_fr,54.583877086639404,€
M0447CWVG_M900_TU,Mini sac Saddle en veau grainé embossé noir.,https://www.dior.com/fr_fr/products/couture-M0447CWVG_M900_TU-mini-sac-saddle-en-veau,/femme/sacs/nouveautes>,,Mini sac Saddle en veau,"2000,00€",fr_fr,55.26170825958252,€
M0446CTZQ_M924_TU,Sac Saddle en toile brodée Dior Oblique verte.,https://www.dior.com/fr_fr/products/couture-M0446CTZQ_M924_TU-sac-saddle-dior-oblique,/femme/sacs/nouveautes>,,Sac Saddle Dior Oblique,"2200,00€",fr_fr,55.29648017883301,€
M0446CWVG_M900_TU,Sac Saddle en veau grainé embossé noir.,https://www.dior.com/fr_fr/products/couture-M0446CWVG_M900_TU-sac-saddle-en-veau,/femme/sacs/nouveautes>,,Sac Saddle en veau,"2500,00€",fr_fr,55.362396478652954,€
M0447CWVG_M35R_TU,Mini sac Saddle en veau grainé embossé rouge.,https://www.dior.com/fr_fr/products/couture-M0447CWVG_M35R_TU-mini-sac-saddle-en-veau,/femme/sacs/nouveautes>,,Mini sac Saddle en veau,"2000,00€",fr_fr,55.44809126853943,€
M0587OWVG_M50H_TU,"Sac Lady Dior cabas en veau grainé embossé couleur vert cyprès, large bandoulière.",https://www.dior.com/fr_fr/products/couture-M0587OWVG_M50H_TU-sac-lady-dior-cabas-en-veau,/femme/sacs/nouveautes>,,Sac Lady Dior cabas en veau,"3650,00€",fr_fr,56.2208206653595,€
M0505ORJZ_M941_TU,Mini sac Lady Dior en veau lisse blanc brodé d'un Cannage géométrique.,https://www.dior.com/fr_fr/products/couture-M0505ORJZ_M941_TU-mini-sac-lady-dior-brode,/femme/sacs/nouveautes>,,Mini sac Lady Dior brodé,"4100,00€",fr_fr,56.398362159729004,€
M8650CWTN_M911_TU,Sac à rabat Diorodeo en veau souple noir.,https://www.dior.com/fr_fr/products/couture-M8650CWTN_M911_TU-sac-a-rabat-diorodeo-en-veau,/femme/sacs/nouveautes>,,Sac à rabat Diorodeo en veau,"2600,00€",fr_fr,56.46288299560547,€
M0446CTZQ_M974_TU,Sac Saddle en toile brodée Dior Oblique bordeaux.,https://www.dior.com/fr_fr/products/couture-M0446CTZQ_M974_TU-sac-saddle-dior-oblique,/femme/sacs/nouveautes>,,Sac Saddle Dior Oblique,"2200,00€",fr_fr,56.568201541900635,€
M0587OWVG_M900_TU,"Sac Lady Dior cabas en veau grainé embossé noir, large bandoulière.",https://www.dior.com/fr_fr/products/couture-M0587OWVG_M900_TU-sac-lady-dior-cabas-en-veau,/femme/sacs/nouveautes>,,Sac Lady Dior cabas en veau,"3650,00€",fr_fr,57.00817036628723,€
M8000VRMM_M939_TU,"Sac Dio(r)evolution en veau noir brodé de fleurs écrues en cuir, large bandoulière.",https://www.dior.com/fr_fr/products/couture-M8000VRMM_M939_TU-sac-dio-r-evolution-brode,/femme/sacs/nouveautes>,,Sac Dio(r)evolution brodé,"5200,00€",fr_fr,57.32015419006348,€
M9002CRNB_M911_TU,Mini sac J'Adior en veau lisse noir brodé de fleurs et de cœurs multicolores en cuir.,https://www.dior.com/fr_fr/products/couture-M9002CRNB_M911_TU-mini-sac-j-adior-brode,/femme/sacs/nouveautes>,,Mini sac J'Adior brodé,"3950,00€",fr_fr,57.37272882461548,€
M5871CWTN_M911_TU,Sac hobo Diorodeo en veau souple noir.,https://www.dior.com/fr_fr/products/couture-M5871CWTN_M911_TU-sac-hobo-diorodeo-en-veau,/femme/sacs/nouveautes>,,Sac hobo Diorodeo en veau,"3300,00€",fr_fr,57.51081562042236,€
M0505OSNI_M37E_TU,Mini Sac Lady Dior en veau lisse sérigraphié d’un motif Toile de Jouy bleu.,https://www.dior.com/fr_fr/products/couture-M0505OSNI_M37E_TU-mini-sac-lady-dior-toile-de-jouy,/femme/sacs/nouveautes>,,Mini sac Lady Dior Toile de Jouy,"2750,00€",fr_fr,57.92523169517517,€
M0505OSNH_M941_TU,Mini sac Lady Dior en veau sérigraphié et brodé d’un motif Toile de Jouy bordeaux.,https://www.dior.com/fr_fr/products/couture-M0505OSNH_M941_TU-mini-sac-lady-dior-toile-de-jouy,/femme/sacs/nouveautes>,,Mini sac Lady Dior Toile de Jouy,"3400,00€",fr_fr,58.09708261489868,€
M0550OSNH_M941_TU,"Sac Lady Dior en veau sérigraphié et brodé d’un motif Toile de Jouy bordeaux, bandoulière.",https://www.dior.com/fr_fr/products/couture-M0550OSNH_M941_TU-sac-lady-dior-toile-de-jouy,/femme/sacs/nouveautes>,,Sac Lady Dior Toile de Jouy,"4200,00€",fr_fr,58.50941491127014,€
M0505OCAL_M81B_TU,Mini sac Lady Dior en agneau Cannage couleur bleu ciel.,https://www.dior.com/fr_fr/products/couture-M0505OCAL_M81B_TU-mini-sac-lady-dior-en-agneau,/femme/sacs/nouveautes>,,Mini sac Lady Dior en agneau,"2550,00€",fr_fr,59.560580253601074,€
M0598VRMI_M06E_TU,Mini sac Lady Dior en veau lisse écru brodé de fleurs noires en cuir.,https://www.dior.com/fr_fr/products/couture-M0598VRMI_M06E_TU-mini-sac-lady-dior-brode,/femme/sacs/nouveautes>,,Mini sac Lady Dior brodé,"5500,00€",fr_fr,61.40069103240967,€
M0579VRMI_M939_TU,"Sac Lady Dior souple en veau lisse noir brodé de fleurs écrues en cuir, large bandoulière",https://www.dior.com/fr_fr/products/couture-M0579VRMI_M939_TU-sac-lady-dior-brode,/femme/sacs/nouveautes>,,Sac Lady Dior brodé,"6300,00€",fr_fr,61.58966565132141,€
M0505ORCD_M06E_TU,Mini sac Lady Dior en veau lisse sérigraphié et brodé d'un motif fleuri noir.,https://www.dior.com/fr_fr/products/couture-M0505ORCD_M06E_TU-mini-sac-lady-dior-brode,/femme/sacs/nouveautes>,,Mini sac Lady Dior brodé,"3700,00€",fr_fr,61.662482261657715,€
M0550OSNH_M37E_TU,"Sac Lady Dior en veau lisse sérigraphié et brodé d’un motif Toile de Jouy bleu, bandoulière.",https://www.dior.com/fr_fr/products/couture-M0550OSNH_M37E_TU-sac-lady-dior-toile-de-jouy,/femme/sacs/nouveautes>,,Sac Lady Dior Toile de Jouy,"4200,00€",fr_fr,62.43269324302673,€
CAL44550_M81B_U,"Sac Lady Dior en agneau Cannage couleur bleu ciel, bandoulière.",https://www.dior.com/fr_fr/products/couture-CAL44550_M81B_U-sac-lady-dior-en-agneau,/femme/sacs/nouveautes>,,Sac Lady Dior en agneau,"3350,00€",fr_fr,62.521474838256836,€
